v1,date,year,month,price,volumn,train,year_month,y_m,lnp,lag1lnp,newlnp,train_p,test_p,y_hat
0,1999-01,1999,1,20.299999,230.3,0,1999-01,1999m1,3.0106208,,,,,-.0013360786
1,1999-02,1999,2,27.700001,2248.7,0,1999-02,1999m2,3.3214324,3.0106208,-.31081152,-.31081152,,-.0013360786
2,1999-03,1999,3,15.8,18235.1,0,1999-03,1999m3,2.76001,3.3214324,.56142235,.56142235,,.10362221
3,1999-04,1999,4,11.2,26201.801,0,1999-04,1999m4,2.4159138,2.76001,.34409618,.34409618,,-.15302975
4,1999-05,1999,5,8.6000004,27782.801,0,1999-05,1999m5,2.1517622,2.4159138,.26415157,.26415157,,-.35447145
5,1999-06,1999,6,9.3000002,31282.5,0,1999-06,1999m6,2.2300143,2.1517622,-.078252077,-.078252077,,-.43058574
6,1999-07,1999,7,9.3000002,21000.6,0,1999-07,1999m7,2.2300143,2.2300143,0,0,,-.34631279
7,1999-08,1999,8,15.1,10110.7,0,1999-08,1999m8,2.7146947,2.2300143,-.48468041,-.48468041,,-.27228525
8,1999-09,1999,9,17,10218.2,0,1999-09,1999m9,2.8332133,2.7146947,-.11851859,-.11851859,,.037250888
9,1999-10,1999,10,14.6,3904.2,0,1999-10,1999m10,2.6810215,2.8332133,.15219188,.15219188,,.16725112
10,1999-11,1999,11,12.6,3044,0,1999-11,1999m11,2.5336969,2.6810215,.14732456,.14732456,,.015761126
11,1999-12,1999,12,13.5,1041.3,0,1999-12,1999m12,2.6026897,2.5336969,-.068992853,-.068992853,,-.061696038
12,2000-01,2000,1,17.200001,831.29999,0,2000-01,2000m1,2.8449094,2.6026897,-.24221969,-.24221969,,-.050092287
13,2000-02,2000,2,14.1,3084.5,0,2000-02,2000m2,2.6461749,2.8449094,.19873452,.19873452,,.15309612
14,2000-03,2000,3,18.6,3697.6001,0,2000-03,2000m3,2.9231615,2.6461749,-.2769866,-.2769866,,-.0065200743
15,2000-04,2000,4,16.9,20886,0,2000-04,2000m4,2.8273137,2.9231615,.095847845,.095847845,,.18192361
16,2000-05,2000,5,12.4,27153,0,2000-05,2000m5,2.5176964,2.8273137,.30961728,.30961728,,.11694059
17,2000-06,2000,6,6.4000001,40697.699,0,2000-06,2000m6,1.856298,2.5176964,.66139841,.66139841,,-.1098255
18,2000-07,2000,7,10.2,20844.9,0,2000-07,2000m7,2.3223877,1.856298,-.46608973,-.46608973,,-.57630408
19,2000-08,2000,8,12.3,11012.4,0,2000-08,2000m8,2.5095992,2.3223877,-.18721151,-.18721151,,-.27345479
20,2000-09,2000,9,12.5,9826.7998,0,2000-09,2000m9,2.5257287,2.5095992,-.016129494,-.016129494,,-.063146219
21,2000-10,2000,10,18.9,2823.3999,0,2000-10,2000m10,2.939162,2.5257287,-.41343331,-.41343331,,-.08228416
22,2000-11,2000,11,13.5,2265.5,0,2000-11,2000m11,2.6026897,2.939162,.33647227,.33647227,,.23592837
23,2000-12,2000,12,19.1,264.70001,0,2000-12,2000m12,2.9496884,2.6026897,-.34699869,-.34699869,,-.0026753836
24,2001-01,2001,1,18.799999,607.40002,0,2001-01,2001m1,2.9338567,2.9496884,.015831709,.015831709,,.21193814
25,2001-02,2001,2,17.5,4559.5,0,2001-02,2001m2,2.862201,2.9338567,.07165575,.07165575,,.23249006
26,2001-03,2001,3,11.9,11706.7,0,2001-03,2001m3,2.4765384,2.862201,.38566256,.38566256,,.14447595
27,2001-04,2001,4,6.6999998,32992,0,2001-04,2001m4,1.9021075,2.4765384,.57443094,.57443094,,-.11210853
28,2001-05,2001,5,9,20068,0,2001-05,2001m5,2.1972246,1.9021075,-.29511714,-.29511714,,-.56106228
29,2001-06,2001,6,12.1,19941.4,0,2001-06,2001m6,2.4932055,2.1972246,-.29598093,-.29598093,,-.34752384
30,2001-07,2001,7,11.6,16509.199,0,2001-07,2001m7,2.4510052,2.4932055,.042200327,.042200327,,-.10445427
31,2001-08,2001,8,15.6,12757.6,0,2001-08,2001m8,2.7472708,2.4510052,-.2962656,-.2962656,,-.11583167
32,2001-09,2001,9,10.8,10386.1,0,2001-09,2001m9,2.3795462,2.7472708,.36772466,.36772466,,.077779539
33,2001-10,2001,10,12.2,1090.3,0,2001-10,2001m10,2.501436,2.3795462,-.12188983,-.12188983,,-.14418794
34,2001-11,2001,11,12.5,1645.5,0,2001-11,2001m11,2.5257287,2.501436,-.024292707,-.024292707,,-.11934249
35,2001-12,2001,12,9,863.70001,0,2001-12,2001m12,2.1972246,2.5257287,.32850409,.32850409,,-.039314333
36,2002-01,2002,1,6.1999998,564.20001,0,2002-01,2002m1,1.8245493,2.1972246,.3726753,.3726753,,-.31883904
37,2002-02,2002,2,9,2255.8,0,2002-02,2002m2,2.1972246,1.8245493,-.3726753,-.3726753,,-.55517232
38,2002-03,2002,3,13.2,13555.7,0,2002-03,2002m3,2.5802169,2.1972246,-.38299227,-.38299227,,-.34109414
39,2002-04,2002,4,9.3000002,18712.6,0,2002-04,2002m4,2.2300143,2.5802169,.35020256,.35020256,,.024396081
40,2002-05,2002,5,7.0999999,26320.301,0,2002-05,2002m5,1.9600948,2.2300143,.26991951,.26991951,,-.26050061
41,2002-06,2002,6,10.2,20719,0,2002-06,2002m6,2.3223877,1.9600948,-.36229289,-.36229289,,-.43589672
42,2002-07,2002,7,12.2,8663.5,0,2002-07,2002m7,2.501436,2.3223877,-.1790483,-.1790483,,-.22024761
43,2002-08,2002,8,7.8000002,16486,0,2002-08,2002m8,2.0541236,2.501436,.44731236,.44731236,,-.010921977
44,2002-09,2002,9,7.4000001,6717.7002,0,2002-09,2002m9,2.0014801,2.0541236,.052643538,.052643538,,-.3747718
45,2002-10,2002,10,14.4,2864.8999,0,2002-10,2002m10,2.6672282,2.0014801,-.66574812,-.66574812,,-.39963055
46,2002-11,2002,11,14.1,1717.9,0,2002-11,2002m11,2.6461749,2.6672282,.021053314,.021053314,,.052853439
47,2002-12,2002,12,7.5999999,155.8,0,2002-12,2002m12,2.0281482,2.6461749,.61802673,.61802673,,.12763777
48,2003-01,2003,1,10.1,367,0,2003-01,2003m1,2.3125355,2.0281482,-.28438735,-.28438735,,-.38620117
49,2003-02,2003,2,15.3,2838.1001,0,2003-02,2003m2,2.7278528,2.3125355,-.4153173,-.4153173,,-.17390928
50,2003-03,2003,3,13.2,9950,0,2003-03,2003m3,2.5802169,2.7278528,.14763594,.14763594,,.12811217
51,2003-04,2003,4,11.2,11269.2,0,2003-04,2003m4,2.4159138,2.5802169,.16430306,.16430306,,.069143124
52,2003-05,2003,5,10.6,12374,0,2003-05,2003m5,2.3608541,2.4159138,.055059671,.055059671,,-.10446328
53,2003-06,2003,6,7.8000002,13329.4,0,2003-06,2003m6,2.0541236,2.3608541,.30673051,.30673051,,-.11272301
54,2003-07,2003,7,13.1,9056.0996,0,2003-07,2003m7,2.5726123,2.0541236,-.51848865,-.51848865,,-.36514291
55,2003-08,2003,8,6.8000002,18217.1,0,2003-08,2003m8,1.9169227,2.5726123,.6556896,.6556896,,.013545504
56,2003-09,2003,9,10.6,7692.1001,0,2003-09,2003m9,2.3608541,1.9169227,-.44393146,-.44393146,,-.4141418
57,2003-10,2003,10,11.4,3751.8999,0,2003-10,2003m10,2.4336133,2.3608541,-.072759151,-.072759151,,-.17788896
58,2003-11,2003,11,11.4,2243,0,2003-11,2003m11,2.4336133,2.4336133,0,0,,-.02167492
59,2003-12,2003,12,10.4,672,0,2003-12,2003m12,2.3418057,2.4336133,.091807604,.091807604,,-.097233355
60,2004-01,2004,1,3.7,764.5,0,2004-01,2004m1,1.3083328,2.3418057,1.0334729,1.0334729,,-.091201857
61,2004-02,2004,2,27,2395.3,0,2004-02,2004m2,3.2958369,1.3083328,-1.9875041,-1.9875041,,-.90089768
62,2004-03,2004,3,21.200001,4042.1001,0,2004-03,2004m3,3.0540013,3.2958369,.24183559,.24183559,,.4921079
63,2004-04,2004,4,8.8999996,16789.801,0,2004-04,2004m4,2.1860511,3.0540013,.8679502,.8679502,,.50935
64,2004-05,2004,5,7.6999998,17554.801,0,2004-05,2004m5,2.0412202,2.1860511,.14483094,.14483094,,-.26857868
65,2004-06,2004,6,8.8000002,15250.2,0,2004-06,2004m6,2.1747518,2.0412202,-.13353157,-.13353157,,-.33204481
66,2004-07,2004,7,14.5,7967.1001,0,2004-07,2004m7,2.6741486,2.1747518,-.4993968,-.4993968,,-.30269608
67,2004-08,2004,8,17.799999,8603,0,2004-08,2004m8,2.8791983,2.6741486,-.20504975,-.20504975,,.14309089
68,2004-09,2004,9,6.4000001,13027.3,0,2004-09,2004m9,1.856298,2.8791983,1.0229003,1.0229003,,.25208467
69,2004-10,2004,10,9,3637.6001,0,2004-10,2004m10,2.1972246,1.856298,-.34092665,-.34092665,,-.41239324
70,2004-11,2004,11,7.1999998,5255.7998,0,2004-11,2004m11,1.974081,2.1972246,.22314358,.22314358,,-.33308464
71,2004-12,2004,12,10.8,898.5,0,2004-12,2004m12,2.3795462,1.974081,-.40546513,-.40546513,,-.3168737
72,2005-01,2005,1,10.8,898.5,0,2005-01,2005m1,2.3795462,2.3795462,0,0,,-.19596884
73,2005-02,2005,2,22.9,546.59998,0,2005-02,2005m2,3.1311369,2.3795462,-.75159073,-.75159073,,.0043305261
74,2005-03,2005,3,14.5,2514.6001,0,2005-03,2005m3,2.6741486,3.1311369,.45698833,.45698833,,.35210925
75,2005-04,2005,4,24.1,2657.8999,0,2005-04,2005m4,3.1822119,2.6741486,-.50806332,-.50806332,,.27502617
76,2005-05,2005,5,13.8,11637.9,0,2005-05,2005m5,2.6246686,3.1822119,.55754328,.55754328,,.35357773
77,2005-06,2005,6,16.1,8107.3999,0,2005-06,2005m6,2.7788193,2.6246686,-.15415072,-.15415072,,.25722051
78,2005-07,2005,7,25.6,6337.8999,0,2005-07,2005m7,3.2425923,2.7788193,-.46377301,-.46377301,,.023088226
79,2005-08,2005,8,22.200001,2593.5,0,2005-08,2005m8,3.1000924,3.2425923,.14249992,.14249992,,.68142879
80,2005-09,2005,9,16.200001,3094.8,0,2005-09,2005m9,2.7850113,3.1000924,.31508112,.31508112,,.30070552
81,2005-10,2005,10,19.200001,3539,0,2005-10,2005m10,2.9549103,2.7850113,-.16989899,-.16989899,,.33594698
82,2005-11,2005,11,16.5,3874.8999,0,2005-11,2005m11,2.8033605,2.9549103,.15154982,.15154982,,.1487956
83,2005-12,2005,12,10.7,720.79999,0,2005-12,2005m12,2.3702438,2.8033605,.43311667,.43311667,,.34937334
84,2006-01,2006,1,19.1,569,0,2006-01,2006m1,2.9496884,2.3702438,-.57944465,-.57944465,,-.27824107
85,2006-02,2006,2,6.5,119,0,2006-02,2006m2,1.8718022,2.9496884,1.0778862,1.0778862,,.3975071
86,2006-03,2006,3,16.9,4440,0,2006-03,2006m3,2.8273137,1.8718022,-.95551145,-.95551145,,-.58336109
87,2006-04,2006,4,14.3,5503.1001,0,2006-04,2006m4,2.6602595,2.8273137,.16705418,.16705418,,.21956158
88,2006-05,2006,5,10.7,13249.4,0,2006-05,2006m5,2.3702438,2.6602595,.2900157,.2900157,,.041409329
89,2006-06,2006,6,14.5,7811.1001,0,2006-06,2006m6,2.6741486,2.3702438,-.30390477,-.30390477,,-.089146852
90,2006-07,2006,7,16.799999,9860.7002,0,2006-07,2006m7,2.8213789,2.6741486,-.14723039,-.14723039,,.0044437931
91,2006-08,2006,8,13.1,14548.4,0,2006-08,2006m8,2.5726123,2.8213789,.24876666,.24876666,,.25457123
92,2006-09,2006,9,13.4,12865.9,0,2006-09,2006m9,2.5952547,2.5726123,-.022642374,-.022642374,,-.044848084
93,2006-10,2006,10,11.7,7877.5,0,2006-10,2006m10,2.4595888,2.5952547,.13566589,.13566589,,.063284814
94,2006-11,2006,11,10.8,4304.7002,0,2006-11,2006m11,2.3795462,2.4595888,.080042601,.080042601,,-.13252759
95,2006-12,2006,12,7.6999998,137,0,2006-12,2006m12,2.0412202,2.3795462,.33832598,.33832598,,-.10213774
96,2007-01,2007,1,9.3999996,360.60001,0,2007-01,2007m1,2.2407095,2.0412202,-.19948936,-.19948936,,-.44042158
97,2007-02,2007,2,10.7,1067.3,0,2007-02,2007m2,2.3702438,2.2407095,-.12953424,-.12953424,,-.23301949
98,2007-03,2007,3,12.5,11570.8,0,2007-03,2007m3,2.5257287,2.3702438,-.15548491,-.15548491,,-.18869512
99,2007-04,2007,4,10.6,20102.6,0,2007-04,2007m4,2.3608541,2.5257287,.16487455,.16487455,,-.0061469516
100,2007-05,2007,5,11.3,16160.7,0,2007-05,2007m5,2.4248028,2.3608541,-.063948631,-.063948631,,-.17815273
101,2007-06,2007,6,8.8999996,15098.4,0,2007-06,2007m6,2.1860511,2.4248028,.23875165,.23875165,,-.093095042
102,2007-07,2007,7,10.5,20654.6,0,2007-07,2007m7,2.3513753,2.1860511,-.16532421,-.16532421,,-.30100691
103,2007-08,2007,8,9.3999996,22768.1,0,2007-08,2007m8,2.2407095,2.3513753,.1106658,.1106658,,-.16467117
104,2007-09,2007,9,15.8,2285.6001,0,2007-09,2007m9,2.76001,2.2407095,-.51930046,-.51930046,,-.24952441
105,2007-10,2007,10,12.3,1312.4,0,2007-10,2007m10,2.5095992,2.76001,.2504108,.2504108,,.1232097
106,2007-11,2007,11,9.5,1263.4,0,2007-11,2007m11,2.2512918,2.5095992,.25830746,.25830746,,-.010727222
107,2007-12,2007,12,7.5999999,1729.4,0,2007-12,2007m12,2.0281482,2.2512918,.22314358,.22314358,,-.25211746
108,2008-01,2008,1,12.4,89,0,2008-01,2008m1,2.5176964,2.0281482,-.48954821,-.48954821,,-.39244032
109,2008-02,2008,2,16.200001,776.40002,0,2008-02,2008m2,2.7850113,2.5176964,-.26731491,-.26731491,,-.085467219
110,2008-03,2008,3,15,2106.5,0,2008-03,2008m3,2.7080503,2.7850113,.07696104,.07696104,,.19543691
111,2008-04,2008,4,15.9,11836.5,0,2008-04,2008m4,2.766319,2.7080503,-.058268785,-.058268785,,.090405665
112,2008-05,2008,5,10.3,10997.3,0,2008-05,2008m5,2.332144,2.766319,.43417501,.43417501,,.16988254
113,2008-06,2008,6,11.5,16514.699,0,2008-06,2008m6,2.442347,2.332144,-.11020303,-.11020303,,-.18009728
114,2008-07,2008,7,18.9,9278.7998,0,2008-07,2008m7,2.939162,2.442347,-.49681497,-.49681497,,-.10514127
115,2008-08,2008,8,20.200001,4492.7002,0,2008-08,2008m8,3.0056827,2.939162,-.066520691,-.066520691,,.25119621
116,2008-09,2008,9,13.4,7584.1001,0,2008-09,2008m9,2.5952547,3.0056827,.41042805,.41042805,,.35174504
117,2008-10,2008,10,17.6,3692.8999,0,2008-10,2008m10,2.8678989,2.5952547,-.27264428,-.27264428,,.018211978
118,2008-11,2008,11,13.6,3763.7,0,2008-11,2008m11,2.6100698,2.8678989,.25782919,.25782919,,.20111318
119,2008-12,2008,12,11.2,1883.9,0,2008-12,2008m12,2.4159138,2.6100698,.19415593,.19415593,,.04176854
120,2009-01,2009,1,6.0999999,618.79999,0,2009-01,2009m1,1.8082888,2.4159138,.60762501,.60762501,,-.13872665
121,2009-02,2009,2,21.9,2292.6001,0,2009-02,2009m2,3.0864866,1.8082888,-1.2781978,-1.2781978,,-.55993092
122,2009-03,2009,3,14.5,8075.3999,0,2009-03,2009m3,2.6741486,3.0864866,.41233802,.41233802,,.27663505
123,2009-04,2009,4,8,16616.301,0,2009-04,2009m4,2.0794415,2.6741486,.59470701,.59470701,,.17544335
124,2009-05,2009,5,14,13574.4,0,2009-05,2009m5,2.6390574,2.0794415,-.55961585,-.55961585,,-.44624931
125,2009-06,2009,6,10.6,16965.801,0,2009-06,2009m6,2.3608541,2.6390574,.27820325,.27820325,,.060550679
126,2009-07,2009,7,13.9,15140.2,0,2009-07,2009m7,2.6318889,2.3608541,-.27103472,-.27103472,,-.19615309
127,2009-08,2009,8,15.8,6017.7998,0,2009-08,2009m8,2.76001,2.6318889,-.12812114,-.12812114,,.046864893
128,2009-09,2009,9,30.6,1164.1,0,2009-09,2009m9,3.421,2.76001,-.66099,-.66099,,.10115005
129,2009-10,2009,10,13.6,7666.3999,0,2009-10,2009m10,2.6100698,3.421,.81093025,.81093025,,.6282993
130,2009-11,2009,11,10,9247.5,0,2009-11,2009m11,2.3025851,2.6100698,.30748463,.30748463,,.056188744
131,2009-12,2009,12,12,3076.7,0,2009-12,2009m12,2.4849067,2.3025851,-.18232155,-.18232155,,-.24368715
132,2010-01,2010,1,12,3076.7,0,2010-01,2010m1,2.4849067,2.4849067,0,0,,-.09526515
133,2010-02,2010,2,19.1,4515,0,2010-02,2010m2,2.9496884,2.4849067,-.46478176,-.46478176,,-.092020988
134,2010-03,2010,3,18,7309.3999,0,2010-03,2010m3,2.8903718,2.9496884,.059316635,.059316635,,.24312192
135,2010-04,2010,4,12.9,13768.1,0,2010-04,2010m4,2.5572274,2.8903718,.33314443,.33314443,,.23957318
136,2010-05,2010,5,11.3,8346.7998,0,2010-05,2010m5,2.4248028,2.5572274,.13242459,.13242459,,-.035653219
137,2010-06,2010,6,7,17491.1,0,2010-06,2010m6,1.9459101,2.4248028,.47889268,.47889268,,-.1376275
138,2010-07,2010,7,14.3,16850.801,0,2010-07,2010m7,2.6602595,1.9459101,-.71434939,-.71434939,,-.49292722
139,2010-08,2010,8,13.5,20401.1,0,2010-08,2010m8,2.6026897,2.6602595,.057569742,.057569742,,-.017318405
140,2010-09,2010,9,11.3,9740.7002,0,2010-09,2010m9,2.4248028,2.6026897,.17788696,.17788696,,.039963681
141,2010-10,2010,10,22.4,1689.1,0,2010-10,2010m10,3.109061,2.4248028,-.68425822,-.68425822,,-.1681294
142,2010-11,2010,11,14,3351.6001,0,2010-11,2010m11,2.6390574,3.109061,.4700036,.4700036,,.36926675
143,2010-12,2010,12,15.9,629.20001,0,2010-12,2010m12,2.766319,2.6390574,-.12726164,-.12726164,,.049225025
144,2011-01,2011,1,7.4000001,594.40002,0,2011-01,2011m1,2.0014801,2.766319,.76483893,.76483893,,.090939164
145,2011-02,2011,2,7.3000002,331,0,2011-02,2011m2,1.9878744,2.0014801,.013605714,.013605714,,-.41484162
146,2011-03,2011,3,18.299999,5025.5,0,2011-03,2011m3,2.9069011,1.9878744,-.91902673,-.91902673,,-.53370506
147,2011-04,2011,4,14.3,19399.199,0,2011-04,2011m4,2.6602595,2.9069011,.24664164,.24664164,,.21026175
148,2011-05,2011,5,13.8,18156.801,0,2011-05,2011m5,2.6246686,2.6602595,.035590887,.035590887,,.051314618
149,2011-06,2011,6,15,19423.4,0,2011-06,2011m6,2.7080503,2.6246686,-.083381653,-.083381653,,.0035058639
150,2011-07,2011,7,13,21109.6,0,2011-07,2011m7,2.5649493,2.7080503,.14310098,.14310098,,.06107441
151,2011-08,2011,8,12.6,21348.699,0,2011-08,2011m8,2.5336969,2.5649493,.031252384,.031252384,,-.030483011
152,2011-09,2011,9,15.7,7708.2998,0,2011-09,2011m9,2.7536607,2.5336969,-.21996379,-.21996379,,-.077682585
153,2011-10,2011,10,12.8,6265,0,2011-10,2011m10,2.5494452,2.7536607,.20421553,.20421553,,.094235361
154,2011-11,2011,11,11,3979.3,0,2011-11,2011m11,2.3978953,2.5494452,.15154982,.15154982,,-.044343188
155,2011-12,2011,12,11,3979.3,0,2011-12,2011m12,2.3978953,2.3978953,0,0,,-.17675558
156,2012-01,2012,1,8.3999996,256.5,0,2012-01,2012m1,2.1282318,2.3978953,.26966357,.26966357,,-.17696501
157,2012-02,2012,2,8.3999996,256.5,0,2012-02,2012m2,2.1282318,2.1282318,0,0,,-.36973375
158,2012-03,2012,3,19.1,5203.3999,0,2012-03,2012m3,2.9496884,2.1282318,-.82145667,-.82145667,,-.39402363
159,2012-04,2012,4,13.8,18445.4,0,2012-04,2012m4,2.6246686,2.9496884,.32501984,.32501984,,.21035641
160,2012-05,2012,5,12.2,19121.699,0,2012-05,2012m5,2.501436,2.6246686,.1232326,.1232326,,.048677456
161,2012-06,2012,6,12.7,17567.199,0,2012-06,2012m6,2.5416019,2.501436,-.040165901,-.040165901,,-.12522861
162,2012-07,2012,7,31.9,8993.0996,0,2012-07,2012m7,3.462606,2.5416019,-.92100406,-.92100406,,-.044212978
163,2012-08,2012,8,17,14215.4,0,2012-08,2012m8,2.8332133,3.462606,.62939262,.62939262,,.5630573
164,2012-09,2012,9,19.200001,8451.5,0,2012-09,2012m9,2.9549103,2.8332133,-.12169695,-.12169695,,.25795206
165,2012-10,2012,10,13.2,7919.7998,0,2012-10,2012m10,2.5802169,2.9549103,.37469339,.37469339,,.15189201
166,2012-11,2012,11,14.6,6532.2002,0,2012-11,2012m11,2.6810215,2.5802169,-.10080457,-.10080457,,.057564214
167,2012-12,2012,12,14,1213.5,0,2012-12,2012m12,2.6390574,2.6810215,.041964054,.041964054,,-.074140295
168,2013-01,2013,1,8.5,49.700001,0,2013-01,2013m1,2.1400661,2.6390574,.49899125,.49899125,,.095991321
169,2013-02,2013,2,19.4,2219.1001,0,2013-02,2013m2,2.9652731,2.1400661,-.825207,-.825207,,-.4574095
170,2013-03,2013,3,15.6,8673.2998,0,2013-03,2013m3,2.7472708,2.9652731,.21800232,.21800232,,.2718713
171,2013-04,2013,4,9.1000004,12401.2,0,2013-04,2013m4,2.2082744,2.7472708,.53899646,.53899646,,.049754698
172,2013-05,2013,5,12.6,11456.9,0,2013-05,2013m5,2.5336969,2.2082744,-.32542253,-.32542253,,-.26676625
173,2013-06,2013,6,18.700001,15055,0,2013-06,2013m6,2.9285235,2.5336969,-.39482665,-.39482665,,-.17600602
174,2013-07,2013,7,11.7,21184.1,0,2013-07,2013m7,2.4595888,2.9285235,.46893477,.46893477,,.26907039
175,2013-08,2013,8,17,17171.801,0,2013-08,2013m8,2.8332133,2.4595888,-.37362456,-.37362456,,-.1734222
176,2013-09,2013,9,22.4,6033.7002,0,2013-09,2013m9,3.109061,2.8332133,-.27584767,-.27584767,,.15425909
177,2013-10,2013,10,18.200001,7355.1001,0,2013-10,2013m10,2.9014215,3.109061,.20763946,.20763946,,.30983829
178,2013-11,2013,11,11.1,4187.3999,0,2013-11,2013m11,2.4069452,2.9014215,.49447632,.49447632,,.24276713
179,2013-12,2013,12,11.4,1235.6,0,2013-12,2013m12,2.4336133,2.4069452,-.026668072,-.026668072,,-.21433409
180,2014-01,2014,1,12,144,0,2014-01,2014m1,2.4849067,2.4336133,-.051293373,-.051293373,,-.15432134
181,2014-02,2014,2,24.6,444,0,2014-02,2014m2,3.2027464,2.4849067,-.71783972,-.71783972,,-.16592
182,2014-03,2014,3,18.9,5013.5,0,2014-03,2014m3,2.939162,3.2027464,.26358438,.26358438,,.40489992
183,2014-04,2014,4,15.9,16950.1,0,2014-04,2014m4,2.766319,2.939162,.17284298,.17284298,,.23174883
184,2014-05,2014,5,13.5,12580.7,0,2014-05,2014m5,2.6026897,2.766319,.16362929,.16362929,,.078499287
185,2014-06,2014,6,12,10160.8,0,2014-06,2014m6,2.4849067,2.6026897,.11778307,.11778307,,-.045845613
186,2014-07,2014,7,13.5,19492,0,2014-07,2014m7,2.6026897,2.4849067,-.11778307,-.11778307,,-.14261976
187,2014-08,2014,8,16.1,17326.801,0,2014-08,2014m8,2.7788193,2.6026897,-.17612958,-.17612958,,-.0615515
188,2014-09,2014,9,19.200001,11914.4,0,2014-09,2014m9,2.9549103,2.7788193,-.17609096,-.17609096,,.077176116
189,2014-10,2014,10,17.700001,4673.3999,0,2014-10,2014m10,2.8735647,2.9549103,.081345558,.081345558,,.21034458
190,2014-11,2014,11,15.8,2260.3,0,2014-11,2014m11,2.76001,2.8735647,.11355472,.11355472,,.16288179
191,2014-12,2014,12,13,949.40002,0,2014-12,2014m12,2.5649493,2.76001,.19506073,.19506073,,.061258595
192,2015-01,2015,1,11.8,163.60001,0,2015-01,2015m1,2.4680996,2.5649493,.09684968,.09684968,,-.076542176
193,2015-02,2015,2,22,99,0,2015-02,2015m2,3.0910425,2.4680996,-.62294292,-.62294292,,-.17122369
194,2015-03,2015,3,12.7,8660.5996,0,2015-03,2015m3,2.5416019,3.0910425,.54944062,.54944062,,.28308889
195,2015-04,2015,4,11.1,20036.301,0,2015-04,2015m4,2.4069452,2.5416019,.13465667,.13465667,,-.054940216
196,2015-05,2015,5,13.3,14946.4,0,2015-05,2015m5,2.587764,2.4069452,-.1808188,-.1808188,,-.24837066
197,2015-06,2015,6,16.299999,14622.2,0,2015-06,2015m6,2.7911651,2.587764,-.20340109,-.20340109,,-.059391607
198,2015-07,2015,7,11.2,27651.4,0,2015-07,2015m7,2.4159138,2.7911651,.37525129,.37525129,,.047675643
199,2015-08,2015,8,10.3,30799,0,2015-08,2015m8,2.332144,2.4159138,.083769798,.083769798,,-.15579268
200,2015-09,2015,9,23,3426.1001,0,2015-09,2015m9,3.1354942,2.332144,-.80335021,-.80335021,,-.31752303
201,2015-10,2015,10,15.4,5130.3999,0,2015-10,2015m10,2.7343674,3.1354942,.40112686,.40112686,,.33509722
202,2015-11,2015,11,12.4,3911.3999,0,2015-11,2015m11,2.5176964,2.7343674,.21667099,.21667099,,.055540897
203,2015-12,2015,12,11,1135.7,0,2015-12,2015m12,2.3978953,2.5176964,.11980104,.11980104,,-.1299261
204,2016-01,2016,1,7.5,982.5,0,2016-01,2016m1,2.0149031,2.3978953,.38299227,.38299227,,-.22943021
205,2016-02,2016,2,17.299999,972,0,2016-02,2016m2,2.8507063,2.0149031,-.83580327,-.83580327,,-.50154293
206,2016-03,2016,3,16.6,5449.8999,0,2016-03,2016m3,2.8094027,2.8507063,.041303635,.041303635,,.053018682
207,2016-04,2016,4,22.4,9563.7002,0,2016-04,2016m4,3.109061,2.8094027,-.2996583,-.2996583,,.14520426
208,2016-05,2016,5,26.299999,14663.3,0,2016-05,2016m5,3.2695689,3.109061,-.16050792,-.16050792,,.25624755
209,2016-06,2016,6,15.1,21902,0,2016-06,2016m6,2.7146947,3.2695689,.55487418,.55487418,,.48888993
210,2016-07,2016,7,26.5,14199,0,2016-07,2016m7,3.2771447,2.7146947,-.56244993,-.56244993,,-.0042104046
211,2016-08,2016,8,22.799999,24319.6,0,2016-08,2016m8,3.1267605,3.2771447,.15038419,.15038419,,.43033728
212,2016-09,2016,9,13.9,13089,0,2016-09,2016m9,2.6318889,3.1267605,.49487162,.49487162,,.32925555
213,2016-10,2016,10,15.6,1695.3,0,2016-10,2016m10,2.7472708,2.6318889,-.11538196,-.11538196,,-.029325353
214,2016-11,2016,11,25.200001,512.70001,0,2016-11,2016m11,3.2268441,2.7472708,-.47957325,-.47957325,,-.0084505193
215,2016-12,2016,12,18.299999,1546.2,0,2016-12,2016m12,2.9069011,3.2268441,.31994295,.31994295,,.39366707
216,2017-01,2017,1,19.799999,360.20001,1,2017-01,2017m1,2.985682,2.9069011,-.07878089,,-.07878089,.16225673
217,2017-02,2017,2,14.1,6585.3999,1,2017-02,2017m2,2.6461749,2.985682,.3395071,,.3395071,.022231018
218,2017-03,2017,3,12.8,5739.8999,1,2017-03,2017m3,2.5494452,2.6461749,.096729755,,.096729755,-.0037773005
219,2017-04,2017,4,13.5,11709,1,2017-04,2017m4,2.6026897,2.5494452,-.053244591,,-.053244591,.0043852092
220,2017-05,2017,5,17.799999,9365.4004,1,2017-05,2017m5,2.8791983,2.6026897,-.27650857,,-.27650857,-.004379909
221,2017-06,2017,6,11.7,14625.3,1,2017-06,2017m6,2.4595888,2.8791983,.41960955,,.41960955,.0021936067
222,2017-07,2017,7,20,14697.1,1,2017-07,2017m7,2.9957323,2.4595888,-.53614354,,-.53614354,-.0045610457
223,2017-08,2017,8,12.9,29048.699,1,2017-08,2017m8,2.5572274,2.9957323,.43850493,,.43850493,.00172951
224,2017-09,2017,9,16.6,15533.2,1,2017-09,2017m9,2.8094027,2.5572274,-.25217533,,-.25217533,-.0042134733
225,2017-10,2017,10,13.3,11279.6,1,2017-10,2017m10,2.587764,2.8094027,.22163868,,.22163868,.0013776589
226,2017-11,2017,11,14,2430.6001,1,2017-11,2017m11,2.6390574,2.587764,-.051293373,,-.051293373,-.0038923519
227,2017-12,2017,12,10.6,1268.6,1,2017-12,2017m12,2.3608541,2.6390574,.27820325,,.27820325,.001072531
228,2018-01,2018,1,10.6,1268.6,1,2018-01,2018m1,2.3608541,2.3608541,0,,0,-.0036053564
229,2018-02,2018,2,10.6,1268.6,1,2018-02,2018m2,2.3608541,2.3608541,0,,0,.00080198701
230,2018-03,2018,3,23.299999,8831.7998,1,2018-03,2018m3,3.1484532,2.3608541,-.78759909,,-.78759909,-.0033505044
231,2018-04,2018,4,10.8,38365,1,2018-04,2018m4,2.3795462,3.1484532,.76890707,,.76890707,.00056186086
232,2018-05,2018,5,12.2,19975.699,1,2018-05,2018m5,2.501436,2.3795462,-.12188983,,-.12188983,-.0031242666
233,2018-06,2018,6,13.8,14960.2,1,2018-06,2018m6,2.6246686,2.501436,-.1232326,,-.1232326,.00034870478
234,2018-07,2018,7,17.6,14343.2,1,2018-07,2018m7,2.8678989,2.6246686,-.24323034,,-.24323034,-.0029234367
235,2018-08,2018,8,12.7,21482.301,1,2018-08,2018m8,2.5416019,2.8678989,.32629704,,.32629704,.00015948821
236,2018-09,2018,9,11.5,10128.6,1,2018-09,2018m9,2.442347,2.5416019,.099254847,,.099254847,-.002745162
237,2018-10,2018,10,12.7,4805.1001,1,2018-10,2018m10,2.5416019,2.442347,-.099254847,,-.099254847,-8.4776075e-06
238,2018-11,2018,11,8.5,4665.5,1,2018-11,2018m11,2.1400661,2.5416019,.40153575,,.40153575,-.0025869089
239,2018-12,2018,12,8.6999998,821.40002,1,2018-12,2018m12,2.1633229,2.1400661,-.023256779,,-.023256779,-.00015757933
240,2019-01,2019,1,8.6999998,821.40002,1,2019-01,2019m1,2.1633229,2.1633229,0,,0,-.0024464293
241,2019-02,2019,2,11.3,5553.2998,1,2019-02,2019m2,2.4248028,2.1633229,-.26147985,,-.26147985,-.00028993556
242,2019-03,2019,3,8.8999996,9625.9004,1,2019-03,2019m3,2.1860511,2.4248028,.23875165,,.23875165,-.0023217269
243,2019-04,2019,4,14.9,13723.7,1,2019-04,2019m4,2.7013612,2.1860511,-.51531005,,-.51531005,-.00040742697
244,2019-05,2019,5,15.3,12717.2,1,2019-05,2019m5,2.7278528,2.7013612,-.026491642,,-.026491642,-.0022110294
245,2019-06,2019,6,16.1,11395.4,1,2019-06,2019m6,2.7788193,2.7278528,-.050966501,,-.050966501,-.00051172305
246,2019-07,2019,7,14.4,17597.9,1,2019-07,2019m7,2.6672282,2.7788193,.1115911,,.1115911,-.0021127644
247,2019-08,2019,8,14.8,15618.3,1,2019-08,2019m8,2.6946273,2.6672282,-.027399063,,-.027399063,-.00060430571
248,2019-09,2019,9,22.799999,3924.3,1,2019-09,2019m9,3.1267605,2.6946273,-.4321332,,-.4321332,-.0020255356
249,2019-10,2019,10,16.9,8380.7002,1,2019-10,2019m10,2.8273137,3.1267605,.29944682,,.29944682,-.0006864905
250,2019-11,2019,11,15.1,981.70001,1,2019-11,2019m11,2.7146947,2.8273137,.11261892,,.11261892,-.0019481032
251,2019-12,2019,12,14.3,1166.3,1,2019-12,2019m12,2.6602595,2.7146947,.054435253,,.054435253,-.00075944513
